,Task1,Task2,Task3,Task4,Task5,Task6,Task7,Task8,Task9,Task10,Task11,Task12,Task13,Task14,Task15,Task16,Task17,Task18,Task19,Task20,Task21,Task22,Task23,Task24
onset,560,1434,2234,2684,3597,4460,5513,6055,7123,7706,11738,12323,13336,14004,14741,15104,15618,16057,19544,19873,20558,20854,21638,22128
durations,250,600,250,850,250,900,250,700,250,2800,250,1050,250,900,250,600,250,2800,250,850,250,700,250,1050
stim,cr,rt,cr,gng,cr,nb,cr,es,cr,ewm,cr,anb,cr,nb,cr,rt,cr,ewm,cr,gng,cr,es,cr,anb
performance,1,0.95,1,1.0,1,0.7,1,1.0,1,0.8689,1,0.8,1,0.8,1,0.95,1,0.9333,1,0.95,1,1.0,1,0.85
avg_rt,0,408.350445232109,0,403.2092188218875,0,833.5106489632278,0,827.6821219362319,0,1002.0915915185554,0,1015.3981948271394,0,775.9892158675939,0,253.24368790576332,0,913.1299586939315,0,392.85211365980405,0,733.2845205906779,0,2202.9772493500786
