,Task1,Task2,Task3,Task4,Task5,Task6,Task7,Task8,Task9,Task10,Task11,Task12,Task13,Task14,Task15,Task16,Task17,Task18,Task19,Task20,Task21,Task22,Task23,Task24
onset,1091,1455,2162,2580,3473,3963,5063,5510,6460,6944,10975,11446,12473,12812,13443,13728,17152,17451,18340,18622,19334,19626,20074,20408
durations,250,600,250,850,250,900,250,700,250,2800,250,1050,250,900,250,600,250,2800,250,850,250,700,250,1050
stim,cr,rt,cr,gng,cr,nb,cr,es,cr,ewm,cr,anb,cr,nb,cr,rt,cr,ewm,cr,gng,cr,es,cr,anb
performance,1,1.0,1,0.95,1,0.76,1,1.0,1,0.873,1,0.8182,1,0.7143,1,0.9,1,0.9167,1,1.0,1,0.9,1,0.9
avg_rt,0,255.68193735089153,0,384.2824019698633,0,1140.613329275325,0,585.85912627168,0,874.0161022821235,0,1306.1429634223778,0,1518.1922558996826,0,332.70236290991306,0,855.7794641082486,0,346.59513900987804,0,648.67371847657,0,2130.7638639491315
