,Task1,Task2,Task3,Task4,Task5,Task6,Task7,Task8,Task9,Task10,Task11,Task12,Task13,Task14,Task15,Task16,Task17,Task18,Task19,Task20,Task21,Task22,Task23,Task24
onset,539,882,1627,2002,2734,3238,4163,4603,5609,6028,9944,10296,11256,11599,12277,12572,13085,13435,16841,17125,17762,18051,18828,19124
durations,250,600,250,850,250,900,250,700,250,2800,250,1050,250,900,250,600,250,2800,250,850,250,700,250,1050
stim,cr,rt,cr,gng,cr,nb,cr,es,cr,ewm,cr,anb,cr,nb,cr,rt,cr,ewm,cr,gng,cr,es,cr,anb
performance,1,1.0,1,0.85,1,0.85,1,0.95,1,0.95,1,0.5238,1,0.95,1,0.95,1,0.9333,1,1.0,1,0.9,1,0.8
avg_rt,0,246.0490386467427,0,357.74336345493793,0,728.5069493029266,0,576.7706404440105,0,746.4006854066005,0,1058.2873067736625,0,746.9509498216212,0,342.66901555422106,0,763.6734224390239,0,387.61897906661034,0,505.9238548243517,0,1963.065752449792
