,Task1,Task2,Task3,Task4,Task5,Task6,Task7,Task8,Task9,Task10,Task11,Task12,Task13,Task14,Task15,Task16,Task17,Task18,Task19,Task20,Task21,Task22,Task23,Task24
onset,317,696,1348,1728,2585,3195,4065,4420,5432,5830,9728,10055,11027,11407,12076,12357,12839,13134,16402,16707,17269,17564,18356,18684
durations,250,600,250,850,250,900,250,700,250,2800,250,1050,250,900,250,600,250,2800,250,850,250,700,250,1050
stim,cr,rt,cr,gng,cr,nb,cr,es,cr,ewm,cr,anb,cr,nb,cr,rt,cr,ewm,cr,gng,cr,es,cr,anb
performance,1,1.0,1,0.9,1,0.95,1,0.85,1,0.9667,1,0.85,1,0.95,1,0.95,1,0.9667,1,0.95,1,0.95,1,0.85
avg_rt,0,366.6165133006871,0,413.1025495007634,0,702.934459480457,0,645.4710840786759,0,761.7023204375679,0,992.2304124338552,0,868.0109897162765,0,358.0803879977841,0,678.7748104737451,0,442.455031729948,0,612.4140595085919,0,2016.4314141493176
