,Task1,Task2,Task3,Task4,Task5,Task6,Task7,Task8,Task9,Task10,Task11,Task12,Task13,Task14,Task15,Task16,Task17,Task18,Task19,Task20,Task21,Task22,Task23,Task24
onset,543,995,1805,2315,3278,4005,5070,5510,6546,6926,11269,11893,13065,13443,14185,14605,15064,15451,19051,19366,20056,20377,21243,21818
durations,250,600,250,850,250,900,250,700,250,2800,250,1050,250,850,250,2800,250,700,250,600,250,900,250,1050
stim,cr,rt,cr,gng,cr,nb,cr,es,cr,ewm,cr,anb,cr,gng,cr,ewm,cr,es,cr,rt,cr,nb,cr,anb
performance,1,1.0,1,0.95,1,0.2593,1,0.9,1,0.5946,1,1,0.95,1,0.9,1,0.95,1,1.0,1,0.4545,1
avg_rt,0,426.5815108032257,0,536.9434189160529,0,1176.4853828401258,0,958.326004158344,0,1115.9448102165716,0,0,659.3769618018996,0,1312.5662083165178,0,1101.7202595271795,0,382.8473457011569,0,1529.7415835500638,0
