,Task1,Task2,Task3,Task4,Task5,Task6,Task7,Task8,Task9,Task10,Task11,Task12,Task13,Task14,Task15,Task16,Task17,Task18,Task19,Task20,Task21,Task22,Task23,Task24
onset,446,844,1535,1960,2821,3509,4489,4939,5935,6519,10581,11205,12241,12568,13221,13546,16969,17326,18050,18348,19120,19406,19884,20187
durations,250,600,250,850,250,900,250,700,250,2800,250,1050,250,600,250,900,250,700,250,850,250,2800,250,1050
stim,cr,rt,cr,gng,cr,nb,cr,es,cr,ewm,cr,anb,cr,rt,cr,nb,cr,es,cr,gng,cr,ewm,cr,anb
performance,1,0.95,1,1.0,1,0.8,1,0.85,1,0.8548,1,1,1.0,1,1.0,1,1.0,1,0.95,1,0.9667,1
avg_rt,0,276.8083960798226,0,335.97902705272037,0,949.4376503314822,0,659.5592837315053,0,960.7154411304622,0,0,308.0242455005646,0,854.1623116936535,0,649.7586052399129,0,386.3325639524394,0,909.4720692684253,0
