,Task1,Task2,Task3,Task4,Task5,Task6,Task7,Task8,Task9,Task10,Task11,Task12,Task13,Task14,Task15,Task16,Task17,Task18,Task19,Task20,Task21,Task22,Task23,Task24
onset,426,809,1547,1939,2892,3423,4387,4837,5791,6280,10303,10723,11828,12170,12846,13166,13681,13992,17614,17902,18555,18860,19672,20039
durations,250,600,250,850,250,900,250,700,250,2800,250,1050,250,900,250,600,250,2800,250,850,250,700,250,1050
stim,cr,rt,cr,gng,cr,nb,cr,es,cr,ewm,cr,anb,cr,nb,cr,rt,cr,ewm,cr,gng,cr,es,cr,anb
performance,1,1.0,1,1.0,1,0.9,1,0.95,1,0.9032,1,0.95,1,0.85,1,1.0,1,0.9333,1,1.0,1,1.0,1,0.8
avg_rt,0,264.9748804513365,0,284.1537925414741,0,659.7637228352949,0,652.8677059803158,0,839.2286739830048,0,832.8864562476053,0,826.2835628353059,0,286.08309437986463,0,972.3718502403548,0,379.16809097597644,0,526.115150982514,0,1708.478253949579
