,Task1,Task2,Task3,Task4,Task5,Task6,Task7,Task8,Task9,Task10,Task11,Task12,Task13,Task14,Task15,Task16,Task17,Task18,Task19,Task20,Task21,Task22,Task23,Task24
onset,402,914,1797,2441,3353,4577,5688,6332,7323,7899,11904,12548,13584,13983,14741,15101,15610,16100,19631,20005,20768,21115,21843,22196
durations,250,600,250,850,250,900,250,700,250,2800,250,1050,250,900,250,600,250,2800,250,850,250,700,250,1050
stim,cr,rt,cr,gng,cr,nb,cr,es,cr,ewm,cr,anb,cr,nb,cr,rt,cr,ewm,cr,gng,cr,es,cr,anb
performance,1,1.0,1,0.8636,1,0.85,1,1.0,1,0.8852,1,0.7917,1,0.9,1,1.0,1,0.8833,1,0.95,1,1.0,1,0.85
avg_rt,0,832.3071131000688,0,610.8852219376531,0,1474.3191072000627,0,1018.8743541497388,0,1260.5530534097695,0,1381.7502181660795,0,1676.1098723500152,0,824.2020110510566,0,1285.0259523169943,0,592.9679156837856,0,942.6727421003307,0,1796.1266045498428
