,Task1,Task2,Task3,Task4,Task5,Task6,Task7,Task8,Task9,Task10,Task11,Task12,Task13,Task14,Task15,Task16,Task17,Task18,Task19,Task20,Task21,Task22,Task23,Task24
onset,746,1302,2118,2662,3602,4541,5875,6522,7638,10419,10996,12216,13281,13642,14260,14363,14740,15590,15588,17885,18201,19157,19531,20092
durations,250,600,250,850,250,900,250,700,250,2800,250,1050,250,850,250,2800,250,900,250,700,250,600,250,1050
stim,cr,rt,cr,gng,cr,nb,cr,es,cr,ewm,cr,anb,cr,gng,cr,ewm,cr,nb,cr,es,cr,rt,cr,anb
performance,1,1.0,1,0.9048,1,0.7273,1,0.95,1,0.8,1,0.5714,1,0.95,1,0.9,1,0.9,1,1.0,1,1.0,1,0.7727
avg_rt,0,498.1336338496476,0,625.8450096247416,0,1339.9203351365404,0,1187.6747285499732,0,1388.2288287384047,0,1301.6215671430339,0,782.4704554165388,0,1395.7515865996659,0,1509.272532899912,0,960.6051776998356,0,673.9808193504359,0,1562.1553948998348
