,Task1,Task2,Task3,Task4,Task5,Task6,Task7,Task8,Task9,Task10,Task11,Task12,Task13,Task14,Task15,Task16,Task17,Task18,Task19,Task20,Task21,Task22,Task23,Task24
onset,317,779,1533,1946,2869,3599,4546,5081,6029,6467,10599,10963,12057,12349,13078,13369,13880,14172,17817,18133,18911,19373,20151,20564
durations,250,600,250,850,250,900,250,700,250,2800,250,1050,250,900,250,600,250,2800,250,850,250,700,250,1050
stim,cr,rt,cr,gng,cr,nb,cr,es,cr,ewm,cr,anb,cr,nb,cr,rt,cr,ewm,cr,gng,cr,es,cr,anb
performance,1,1.0,1,0.9,1,0.8571,1,1.0,1,0.8906,1,0.7308,1,0.9,1,1.0,1,0.95,1,1.0,1,1.0,1,0.95
avg_rt,0,472.8559551494982,0,514.5710451765541,0,1229.542166809715,0,1061.0443475008651,0,1237.6736571407982,0,1214.5309372310026,0,1609.8887696491147,0,501.50782894961594,0,1341.8366140499227,0,511.568742090524,0,1007.1854324502056,0,1638.5292270007892
